{
  "timestamp": "2025-10-07T22:58:30.194Z",
  "summary": {
    "DynamoDB Point Lookup": {
      "min": 18.169159,
      "max": 929.169071,
      "avg": 35.111202630000015,
      "p50": 27.359288,
      "p95": 35.726599,
      "p99": 929.169071
    },
    "DynamoDB Query": {
      "min": 18.487058,
      "max": 47.172257,
      "avg": 28.042076160000015,
      "p50": 27.917421,
      "p95": 38.211139,
      "p99": 47.172257
    },
    "DSQL Point Lookup": {
      "min": 16.943937,
      "max": 185.808111,
      "avg": 25.02259556000001,
      "p50": 20.287928,
      "p95": 41.905157,
      "p99": 185.808111
    },
    "DSQL Join Query": {
      "min": 17.536362,
      "max": 257.975076,
      "avg": 25.463164630000005,
      "p50": 20.919291,
      "p95": 34.926695,
      "p99": 257.975076
    },
    "DSQL Analytics": {
      "min": 56.968078,
      "max": 260.442433,
      "avg": 67.75294222000002,
      "p50": 64.76164,
      "p95": 78.416183,
      "p99": 260.442433
    }
  },
  "environment": {
    "dsql_endpoint": "6vtg7stscfvo76rol3bfawknle.dsql.us-east-1.on.aws",
    "aws_region": "us-east-1"
  }
}