{
  "timestamp": "2025-10-08T01:02:38.595Z",
  "summary": {
    "DynamoDB Point Lookup": {
      "min": 18.980316,
      "max": 989.360867,
      "avg": 55.96207975,
      "p50": 30.727179,
      "p95": 100.856158,
      "p99": 989.360867
    },
    "DynamoDB Query": {
      "min": 19.064776,
      "max": 120.96386,
      "avg": 44.970922630000004,
      "p50": 30.291623,
      "p95": 96.223994,
      "p99": 120.96386
    },
    "DSQL Point Lookup": {
      "min": 17.191156,
      "max": 100.452008,
      "avg": 37.66059592,
      "p50": 24.884838,
      "p95": 94.887842,
      "p99": 100.452008
    },
    "DSQL Join Query": {
      "min": 17.760796,
      "max": 102.188177,
      "avg": 40.32016792000001,
      "p50": 28.339275,
      "p95": 91.428215,
      "p99": 102.188177
    },
    "DSQL Analytics": {
      "min": 59.116779,
      "max": 145.330409,
      "avg": 86.10687833000001,
      "p50": 89.941067,
      "p95": 117.01484,
      "p99": 145.330409
    }
  },
  "environment": {
    "dsql_endpoint": "6vtg7stscfvo76rol3bfawknle.dsql.us-east-1.on.aws",
    "aws_region": "us-east-1"
  }
}