{
  "timestamp": "2025-10-07T22:49:47.615Z",
  "summary": {
    "DynamoDB Point Lookup": {
      "min": 17.484756,
      "max": 977.74643,
      "avg": 34.78297595999999,
      "p50": 24.313585,
      "p95": 36.00728,
      "p99": 977.74643
    },
    "DynamoDB Query": {
      "min": 19.041423,
      "max": 44.459032,
      "avg": 27.103027299999994,
      "p50": 27.436735,
      "p95": 35.978431,
      "p99": 44.459032
    },
    "DSQL Point Lookup": {
      "min": 18.18513,
      "max": 400.171912,
      "avg": 32.479517859999994,
      "p50": 24.138725,
      "p95": 53.268585,
      "p99": 400.171912
    },
    "DSQL Join Query": {
      "min": 20.858643,
      "max": 119.37498,
      "avg": 29.893117980000003,
      "p50": 29.054135,
      "p95": 36.610149,
      "p99": 119.37498
    },
    "DSQL Analytics": {
      "min": 18.148392,
      "max": 249.701794,
      "avg": 42.65045668999999,
      "p50": 31.989211,
      "p95": 70.517853,
      "p99": 249.701794
    }
  },
  "environment": {
    "dsql_endpoint": "6vtg7stscfvo76rol3bfawknle.dsql.us-east-1.on.aws",
    "aws_region": "us-east-1"
  }
}